-- phpMyAdmin SQL Dump
-- version 4.7.7
-- https://www.phpmyadmin.net/
--
-- Хост: 127.0.0.1:3306
-- Время создания: Мар 14 2018 г., 23:02
-- Версия сервера: 5.6.38
-- Версия PHP: 5.5.38

SET SQL_MODE = "NO_AUTO_VALUE_ON_ZERO";
SET AUTOCOMMIT = 0;
START TRANSACTION;
SET time_zone = "+00:00";


/*!40101 SET @OLD_CHARACTER_SET_CLIENT=@@CHARACTER_SET_CLIENT */;
/*!40101 SET @OLD_CHARACTER_SET_RESULTS=@@CHARACTER_SET_RESULTS */;
/*!40101 SET @OLD_COLLATION_CONNECTION=@@COLLATION_CONNECTION */;
/*!40101 SET NAMES utf8mb4 */;

--
-- База данных: `heliloop_bet`
--
CREATE DATABASE IF NOT EXISTS `heliloop_bet` DEFAULT CHARACTER SET utf8 COLLATE utf8_general_ci;
USE `heliloop_bet`;

-- --------------------------------------------------------

--
-- Структура таблицы `bets`
--

CREATE TABLE IF NOT EXISTS `bets` (
  `id` int(20) NOT NULL AUTO_INCREMENT,
  `id_event` int(11) NOT NULL,
  `date` date NOT NULL,
  `time` time NOT NULL,
  `team_l` int(11) NOT NULL,
  `team_l_money` double NOT NULL DEFAULT '0',
  `team_l_rate` decimal(4,2) DEFAULT NULL,
  `team_r` int(11) NOT NULL,
  `team_r_money` double NOT NULL DEFAULT '0',
  `team_r_rate` decimal(4,2) DEFAULT NULL,
  `status` enum('Live','В ожидании','Отменён','Завершён') NOT NULL DEFAULT 'В ожидании',
  `translation` varchar(255) DEFAULT NULL,
  PRIMARY KEY (`id`),
  KEY `id_event` (`id_event`),
  KEY `team_l` (`team_l`),
  KEY `team_r` (`team_r`),
  KEY `status` (`status`)
) ENGINE=InnoDB AUTO_INCREMENT=10 DEFAULT CHARSET=utf8;

--
-- Очистить таблицу перед добавлением данных `bets`
--

TRUNCATE TABLE `bets`;
--
-- Дамп данных таблицы `bets`
--

INSERT INTO `bets` (`id`, `id_event`, `date`, `time`, `team_l`, `team_l_money`, `team_l_rate`, `team_r`, `team_r_money`, `team_r_rate`, `status`, `translation`) VALUES
(6, 9, '2018-03-13', '11:00:00', 12, 0, NULL, 27, 0, NULL, 'В ожидании', 'https://player.twitch.tv/?channel=uccstudio2&autoplay=false'),
(7, 9, '2018-03-13', '11:00:00', 10, 0, NULL, 18, 0, NULL, 'В ожидании', ''),
(8, 9, '2018-03-13', '11:00:00', 73, 0, NULL, 66, 0, NULL, 'В ожидании', 'https://player.twitch.tv/?channel=mpkbk&autoplay=false'),
(9, 9, '2018-03-13', '14:00:00', 2, 0, NULL, 33, 0, NULL, 'Live', 'https://player.twitch.tv/?channel=WESG_csgo&autoplay=false');

--
-- Триггеры `bets`
--
DELIMITER $$
CREATE TRIGGER `addWinner` AFTER INSERT ON `bets` FOR EACH ROW BEGIN
INSERT INTO winner (winner.id) VALUES (new.id);
END
$$
DELIMITER ;
DELIMITER $$
CREATE TRIGGER `changeStatusMatch` AFTER UPDATE ON `bets` FOR EACH ROW IF new.status <> old.status THEN
	IF new.status = 'Завершён' THEN
     	update bills b, (select sum(t.count) as count, t.user_id, t.currency, t.bet_id, t.ratio from transaction t, bills b, winner w where t.user_id=b.id_user and t.currency=b.currency and t.bet_id=new.id and t.bet_id = w.id and t.team_id = w.winner group by t.user_id) sub set b.count = b.count + sub.count*sub.ratio where sub.user_id=b.id_user and sub.currency=b.currency and sub.bet_id=new.id;
    ELSEIF new.status = 'Live' THEN
    	update transaction t set t.ratio = if(t.team_id = new.team_l,new.team_l_rate,new.team_r_rate) where t.bet_id = new.id;
    ELSEIF new.status = 'Отменён' THEN
    	update bills b, (select sum(t.count) as count, t.user_id, t.currency, t.bet_id from transaction t, bills b where t.user_id=b.id_user and t.currency=b.currency and t.bet_id=new.id group by t.user_id) sub set b.count = b.count + sub.count where sub.user_id=b.id_user and sub.currency=b.currency and sub.bet_id=new.id;
    END IF;
END IF
$$
DELIMITER ;

-- --------------------------------------------------------

--
-- Структура таблицы `betting_on_event`
--

CREATE TABLE IF NOT EXISTS `betting_on_event` (
  `id` int(11) NOT NULL AUTO_INCREMENT,
  `event_id` int(11) NOT NULL,
  `user_id` int(11) NOT NULL,
  `winner_id` int(11) DEFAULT NULL,
  `count` double NOT NULL,
  `currency` enum('RUB','USD') NOT NULL DEFAULT 'RUB',
  `ip` varchar(15) NOT NULL,
  `time` timestamp NOT NULL DEFAULT CURRENT_TIMESTAMP,
  PRIMARY KEY (`id`),
  KEY `event_id` (`event_id`),
  KEY `user_id` (`user_id`),
  KEY `winner_id` (`winner_id`)
) ENGINE=InnoDB AUTO_INCREMENT=15 DEFAULT CHARSET=utf8;

--
-- Очистить таблицу перед добавлением данных `betting_on_event`
--

TRUNCATE TABLE `betting_on_event`;
--
-- Дамп данных таблицы `betting_on_event`
--

INSERT INTO `betting_on_event` (`id`, `event_id`, `user_id`, `winner_id`, `count`, `currency`, `ip`, `time`) VALUES
(6, 9, 1, 2, 50, 'RUB', '127.0.0.1', '2018-03-07 16:46:13'),
(7, 9, 1, 8, 20, 'RUB', '127.0.0.1', '2018-03-07 19:03:36'),
(8, 9, 1, 66, 30, 'RUB', '127.0.0.1', '2018-03-07 19:05:59'),
(9, 9, 1, 2, 50, 'RUB', '127.0.0.1', '2018-03-07 19:19:41'),
(10, 9, 1, 2, 50, 'RUB', '127.0.0.1', '2018-03-07 19:20:17'),
(11, 9, 1, 33, 1, 'RUB', '127.0.0.1', '2018-03-12 13:58:26'),
(12, 9, 1, 12, 10, 'RUB', '127.0.0.1', '2018-03-12 14:02:22'),
(13, 9, 13, 2, 5, 'RUB', '127.0.0.1', '2018-03-14 08:47:35'),
(14, 9, 13, 2, 25, 'RUB', '127.0.0.1', '2018-03-14 08:47:43');

-- --------------------------------------------------------

--
-- Структура таблицы `bills`
--

CREATE TABLE IF NOT EXISTS `bills` (
  `id` int(11) NOT NULL AUTO_INCREMENT,
  `id_user` int(11) NOT NULL,
  `currency` enum('RUB','USD','BTC') NOT NULL DEFAULT 'RUB',
  `count` double NOT NULL DEFAULT '0',
  PRIMARY KEY (`id`),
  KEY `id_user` (`id_user`)
) ENGINE=InnoDB AUTO_INCREMENT=9 DEFAULT CHARSET=utf8;

--
-- Очистить таблицу перед добавлением данных `bills`
--

TRUNCATE TABLE `bills`;
--
-- Дамп данных таблицы `bills`
--

INSERT INTO `bills` (`id`, `id_user`, `currency`, `count`) VALUES
(1, 1, 'RUB', 1000),
(7, 13, 'RUB', 970),
(8, 14, 'RUB', 0);

-- --------------------------------------------------------

--
-- Структура таблицы `category`
--

CREATE TABLE IF NOT EXISTS `category` (
  `id` int(11) NOT NULL AUTO_INCREMENT,
  `name` varchar(100) NOT NULL,
  `description` text,
  `icon` varchar(100) NOT NULL,
  PRIMARY KEY (`id`)
) ENGINE=InnoDB AUTO_INCREMENT=5 DEFAULT CHARSET=utf8;

--
-- Очистить таблицу перед добавлением данных `category`
--

TRUNCATE TABLE `category`;
--
-- Дамп данных таблицы `category`
--

INSERT INTO `category` (`id`, `name`, `description`, `icon`) VALUES
(1, 'CS GO', '', ''),
(2, 'Dota 2', '', ''),
(3, 'League of Legend', '', ''),
(4, 'PUBG', '', '');

-- --------------------------------------------------------

--
-- Структура таблицы `enter`
--

CREATE TABLE IF NOT EXISTS `enter` (
  `id` bigint(20) NOT NULL AUTO_INCREMENT,
  `user_id` int(11) DEFAULT NULL,
  `ip` varchar(15) NOT NULL,
  `time` timestamp NOT NULL DEFAULT CURRENT_TIMESTAMP,
  PRIMARY KEY (`id`),
  KEY `user_id` (`user_id`)
) ENGINE=InnoDB AUTO_INCREMENT=874 DEFAULT CHARSET=utf8;

--
-- Очистить таблицу перед добавлением данных `enter`
--

TRUNCATE TABLE `enter`;
--
-- Дамп данных таблицы `enter`
--

INSERT INTO `enter` (`id`, `user_id`, `ip`, `time`) VALUES
(1, 1, '127.0.0.1', '2018-03-11 06:13:16'),
(2, 1, '127.0.0.1', '2018-03-11 06:13:16'),
(3, 1, '127.0.0.1', '2018-03-11 07:12:30'),
(4, 1, '127.0.0.1', '2018-03-11 07:12:30'),
(5, 1, '127.0.0.1', '2018-03-11 07:13:16'),
(6, 1, '127.0.0.1', '2018-03-11 07:13:19'),
(7, 1, '127.0.0.1', '2018-03-11 07:13:33'),
(8, 1, '127.0.0.1', '2018-03-11 07:13:34'),
(9, 1, '127.0.0.1', '2018-03-11 07:13:34'),
(10, 1, '127.0.0.1', '2018-03-11 07:13:36'),
(11, 1, '127.0.0.1', '2018-03-11 14:55:21'),
(12, 1, '127.0.0.1', '2018-03-11 14:57:26'),
(13, 1, '127.0.0.1', '2018-03-11 15:01:08'),
(14, 1, '127.0.0.1', '2018-03-11 15:01:08'),
(15, 1, '127.0.0.1', '2018-03-11 15:01:14'),
(16, 1, '127.0.0.1', '2018-03-11 15:16:22'),
(17, 1, '127.0.0.1', '2018-03-11 15:16:22'),
(18, 1, '127.0.0.1', '2018-03-11 15:27:54'),
(19, 1, '127.0.0.1', '2018-03-11 15:27:55'),
(20, 1, '127.0.0.1', '2018-03-11 15:27:56'),
(21, 1, '127.0.0.1', '2018-03-11 15:27:57'),
(22, 1, '127.0.0.1', '2018-03-11 15:28:12'),
(23, 1, '127.0.0.1', '2018-03-11 15:29:30'),
(24, 1, '127.0.0.1', '2018-03-11 15:29:30'),
(25, 1, '127.0.0.1', '2018-03-11 15:29:53'),
(26, 1, '127.0.0.1', '2018-03-11 15:29:53'),
(27, 1, '127.0.0.1', '2018-03-11 15:29:57'),
(28, 1, '127.0.0.1', '2018-03-11 15:29:58'),
(29, 1, '127.0.0.1', '2018-03-11 15:30:00'),
(30, 1, '127.0.0.1', '2018-03-11 15:30:02'),
(31, 1, '127.0.0.1', '2018-03-11 15:30:03'),
(32, 1, '127.0.0.1', '2018-03-11 15:30:03'),
(33, 1, '127.0.0.1', '2018-03-11 15:30:58'),
(34, 1, '127.0.0.1', '2018-03-11 15:44:10'),
(35, 1, '127.0.0.1', '2018-03-11 15:44:10'),
(36, 1, '127.0.0.1', '2018-03-11 15:45:06'),
(37, 1, '127.0.0.1', '2018-03-11 15:45:06'),
(38, 1, '127.0.0.1', '2018-03-11 15:45:10'),
(39, 1, '127.0.0.1', '2018-03-11 15:45:11'),
(40, 1, '127.0.0.1', '2018-03-11 15:56:37'),
(41, 1, '127.0.0.1', '2018-03-11 15:56:37'),
(42, 1, '127.0.0.1', '2018-03-11 15:57:30'),
(43, 1, '127.0.0.1', '2018-03-11 15:57:30'),
(44, 1, '127.0.0.1', '2018-03-11 16:00:13'),
(45, 1, '127.0.0.1', '2018-03-11 16:00:13'),
(46, 1, '127.0.0.1', '2018-03-11 16:00:36'),
(47, 1, '127.0.0.1', '2018-03-11 16:00:36'),
(48, 1, '127.0.0.1', '2018-03-11 16:01:36'),
(49, 1, '127.0.0.1', '2018-03-11 16:01:36'),
(50, 1, '127.0.0.1', '2018-03-11 16:34:17'),
(51, 1, '127.0.0.1', '2018-03-11 16:34:17'),
(52, 1, '127.0.0.1', '2018-03-11 16:36:14'),
(53, 1, '127.0.0.1', '2018-03-11 16:36:14'),
(54, 1, '127.0.0.1', '2018-03-11 16:42:28'),
(55, 1, '127.0.0.1', '2018-03-11 16:42:28'),
(56, 1, '127.0.0.1', '2018-03-11 16:42:49'),
(57, 1, '127.0.0.1', '2018-03-11 16:42:49'),
(58, 1, '127.0.0.1', '2018-03-11 18:05:23'),
(59, 1, '127.0.0.1', '2018-03-11 18:05:23'),
(60, 1, '127.0.0.1', '2018-03-11 18:17:11'),
(61, 1, '127.0.0.1', '2018-03-11 18:17:12'),
(62, 1, '127.0.0.1', '2018-03-11 18:17:12'),
(63, 1, '127.0.0.1', '2018-03-11 18:17:13'),
(64, 1, '127.0.0.1', '2018-03-11 18:17:16'),
(65, 1, '127.0.0.1', '2018-03-11 18:17:41'),
(66, 1, '127.0.0.1', '2018-03-11 18:34:04'),
(67, 1, '127.0.0.1', '2018-03-11 18:34:04'),
(68, 1, '127.0.0.1', '2018-03-11 18:35:19'),
(69, 1, '127.0.0.1', '2018-03-11 18:35:19'),
(70, 1, '127.0.0.1', '2018-03-11 18:35:46'),
(71, 1, '127.0.0.1', '2018-03-11 18:35:46'),
(72, 1, '127.0.0.1', '2018-03-11 18:37:15'),
(73, 1, '127.0.0.1', '2018-03-11 18:37:15'),
(74, 1, '127.0.0.1', '2018-03-11 18:37:18'),
(75, 1, '127.0.0.1', '2018-03-11 18:37:18'),
(76, 1, '127.0.0.1', '2018-03-11 18:38:39'),
(77, 1, '127.0.0.1', '2018-03-11 18:38:39'),
(78, 1, '127.0.0.1', '2018-03-11 18:38:50'),
(79, 1, '127.0.0.1', '2018-03-11 18:38:50'),
(80, 1, '127.0.0.1', '2018-03-11 18:39:25'),
(81, 1, '127.0.0.1', '2018-03-11 18:39:25'),
(82, 1, '127.0.0.1', '2018-03-11 18:39:58'),
(83, 1, '127.0.0.1', '2018-03-11 18:39:58'),
(84, 1, '127.0.0.1', '2018-03-11 18:40:30'),
(85, 1, '127.0.0.1', '2018-03-11 18:40:30'),
(86, 1, '127.0.0.1', '2018-03-11 18:41:57'),
(87, 1, '127.0.0.1', '2018-03-11 18:41:57'),
(88, 1, '127.0.0.1', '2018-03-11 18:42:56'),
(89, 1, '127.0.0.1', '2018-03-11 18:42:56'),
(90, 1, '127.0.0.1', '2018-03-11 18:44:22'),
(91, 1, '127.0.0.1', '2018-03-11 18:44:22'),
(92, 1, '127.0.0.1', '2018-03-11 18:45:03'),
(93, 1, '127.0.0.1', '2018-03-11 18:45:03'),
(94, 1, '127.0.0.1', '2018-03-11 18:46:05'),
(95, 1, '127.0.0.1', '2018-03-11 18:46:05'),
(96, 1, '127.0.0.1', '2018-03-11 18:46:59'),
(97, 1, '127.0.0.1', '2018-03-11 18:46:59'),
(98, 1, '127.0.0.1', '2018-03-11 18:47:19'),
(99, 1, '127.0.0.1', '2018-03-11 18:47:19'),
(100, 1, '127.0.0.1', '2018-03-11 18:49:54'),
(101, 1, '127.0.0.1', '2018-03-11 18:49:54'),
(102, 1, '127.0.0.1', '2018-03-11 18:52:40'),
(103, 1, '127.0.0.1', '2018-03-11 18:52:40'),
(104, 1, '127.0.0.1', '2018-03-11 18:59:16'),
(105, 1, '127.0.0.1', '2018-03-11 18:59:16'),
(106, 1, '127.0.0.1', '2018-03-11 18:59:21'),
(107, 1, '127.0.0.1', '2018-03-11 19:06:01'),
(108, 1, '127.0.0.1', '2018-03-11 19:06:01'),
(109, 1, '127.0.0.1', '2018-03-11 19:06:56'),
(110, 1, '127.0.0.1', '2018-03-11 19:06:56'),
(111, 1, '127.0.0.1', '2018-03-11 19:07:51'),
(112, 1, '127.0.0.1', '2018-03-11 19:07:51'),
(113, 1, '127.0.0.1', '2018-03-11 19:08:43'),
(114, 1, '127.0.0.1', '2018-03-11 19:08:43'),
(115, 1, '127.0.0.1', '2018-03-11 19:17:11'),
(116, 1, '127.0.0.1', '2018-03-11 19:17:11'),
(117, 1, '127.0.0.1', '2018-03-11 19:18:06'),
(118, 1, '127.0.0.1', '2018-03-11 19:18:06'),
(119, 1, '127.0.0.1', '2018-03-11 19:18:30'),
(120, 1, '127.0.0.1', '2018-03-11 19:18:31'),
(121, 1, '127.0.0.1', '2018-03-11 19:19:23'),
(122, 1, '127.0.0.1', '2018-03-11 19:19:23'),
(123, 1, '127.0.0.1', '2018-03-11 19:20:20'),
(124, 1, '127.0.0.1', '2018-03-11 19:20:20'),
(125, 1, '127.0.0.1', '2018-03-11 19:22:34'),
(126, 1, '127.0.0.1', '2018-03-11 19:22:34'),
(127, 1, '127.0.0.1', '2018-03-11 19:29:18'),
(128, 1, '127.0.0.1', '2018-03-11 19:29:18'),
(129, 1, '127.0.0.1', '2018-03-11 19:30:46'),
(130, 1, '127.0.0.1', '2018-03-11 19:30:46'),
(131, 1, '127.0.0.1', '2018-03-11 19:31:14'),
(132, 1, '127.0.0.1', '2018-03-11 19:31:14'),
(133, 1, '127.0.0.1', '2018-03-11 19:32:05'),
(134, 1, '127.0.0.1', '2018-03-11 19:32:05'),
(135, 1, '127.0.0.1', '2018-03-11 19:35:27'),
(136, 1, '127.0.0.1', '2018-03-11 19:35:27'),
(137, 1, '127.0.0.1', '2018-03-11 19:35:55'),
(138, 1, '127.0.0.1', '2018-03-11 19:35:55'),
(139, 1, '127.0.0.1', '2018-03-11 19:36:10'),
(140, 1, '127.0.0.1', '2018-03-11 19:36:10'),
(141, 1, '127.0.0.1', '2018-03-11 19:36:25'),
(142, 1, '127.0.0.1', '2018-03-11 19:36:25'),
(143, 1, '127.0.0.1', '2018-03-11 19:37:43'),
(144, 1, '127.0.0.1', '2018-03-11 19:37:43'),
(145, 1, '127.0.0.1', '2018-03-11 19:41:05'),
(146, 1, '127.0.0.1', '2018-03-11 19:41:05'),
(147, 1, '127.0.0.1', '2018-03-11 19:41:33'),
(148, 1, '127.0.0.1', '2018-03-11 19:41:33'),
(149, 1, '127.0.0.1', '2018-03-11 19:42:20'),
(150, 1, '127.0.0.1', '2018-03-11 19:42:20'),
(151, 1, '127.0.0.1', '2018-03-11 19:42:44'),
(152, 1, '127.0.0.1', '2018-03-11 19:42:44'),
(153, 1, '127.0.0.1', '2018-03-11 19:43:21'),
(154, 1, '127.0.0.1', '2018-03-11 19:43:21'),
(155, 1, '127.0.0.1', '2018-03-11 19:44:14'),
(156, 1, '127.0.0.1', '2018-03-11 19:44:14'),
(157, 1, '127.0.0.1', '2018-03-11 19:44:42'),
(158, 1, '127.0.0.1', '2018-03-11 19:44:42'),
(159, 1, '127.0.0.1', '2018-03-11 19:45:58'),
(160, 1, '127.0.0.1', '2018-03-11 19:45:58'),
(161, 1, '127.0.0.1', '2018-03-11 19:47:15'),
(162, 1, '127.0.0.1', '2018-03-11 19:47:15'),
(163, 1, '127.0.0.1', '2018-03-11 19:47:46'),
(164, 1, '127.0.0.1', '2018-03-11 19:47:47'),
(165, 1, '127.0.0.1', '2018-03-11 19:47:48'),
(166, 1, '127.0.0.1', '2018-03-11 19:47:49'),
(167, 1, '127.0.0.1', '2018-03-11 19:47:50'),
(168, 1, '127.0.0.1', '2018-03-11 19:48:30'),
(169, 1, '127.0.0.1', '2018-03-11 19:48:30'),
(170, 1, '127.0.0.1', '2018-03-11 19:49:28'),
(171, 1, '127.0.0.1', '2018-03-11 19:49:28'),
(172, 1, '127.0.0.1', '2018-03-11 19:49:47'),
(173, 1, '127.0.0.1', '2018-03-11 19:49:47'),
(174, 1, '127.0.0.1', '2018-03-11 19:49:58'),
(175, 1, '127.0.0.1', '2018-03-11 19:50:20'),
(176, 1, '127.0.0.1', '2018-03-11 19:59:40'),
(177, 1, '127.0.0.1', '2018-03-11 19:59:40'),
(178, 1, '127.0.0.1', '2018-03-11 19:59:43'),
(179, 1, '127.0.0.1', '2018-03-11 19:59:45'),
(180, 1, '127.0.0.1', '2018-03-11 19:59:47'),
(181, 1, '127.0.0.1', '2018-03-11 20:03:06'),
(182, 1, '127.0.0.1', '2018-03-11 20:03:06'),
(183, 1, '127.0.0.1', '2018-03-11 20:04:05'),
(184, 1, '127.0.0.1', '2018-03-11 20:04:05'),
(185, 1, '127.0.0.1', '2018-03-11 20:04:26'),
(186, 1, '127.0.0.1', '2018-03-11 20:04:26'),
(187, 1, '127.0.0.1', '2018-03-11 20:05:22'),
(188, 1, '127.0.0.1', '2018-03-11 20:05:22'),
(189, 1, '127.0.0.1', '2018-03-11 20:05:47'),
(190, 1, '127.0.0.1', '2018-03-11 20:05:47'),
(191, 1, '127.0.0.1', '2018-03-11 20:06:43'),
(192, 1, '127.0.0.1', '2018-03-11 20:06:43'),
(193, 1, '127.0.0.1', '2018-03-11 20:07:04'),
(194, 1, '127.0.0.1', '2018-03-11 20:07:04'),
(195, 1, '127.0.0.1', '2018-03-11 20:07:25'),
(196, 1, '127.0.0.1', '2018-03-11 20:07:25'),
(197, 1, '127.0.0.1', '2018-03-11 20:09:07'),
(198, 1, '127.0.0.1', '2018-03-11 20:09:07'),
(199, 1, '127.0.0.1', '2018-03-12 06:57:55'),
(200, 1, '127.0.0.1', '2018-03-12 06:57:55'),
(201, 1, '127.0.0.1', '2018-03-12 07:03:09'),
(202, 1, '127.0.0.1', '2018-03-12 07:03:09'),
(203, 1, '127.0.0.1', '2018-03-12 07:05:08'),
(204, 1, '127.0.0.1', '2018-03-12 07:05:08'),
(205, 1, '127.0.0.1', '2018-03-12 07:05:59'),
(206, 1, '127.0.0.1', '2018-03-12 07:05:59'),
(207, 1, '127.0.0.1', '2018-03-12 07:06:35'),
(208, 1, '127.0.0.1', '2018-03-12 07:06:35'),
(209, 1, '127.0.0.1', '2018-03-12 07:11:36'),
(210, 1, '127.0.0.1', '2018-03-12 07:11:36'),
(211, 1, '127.0.0.1', '2018-03-12 07:21:54'),
(212, 1, '127.0.0.1', '2018-03-12 07:21:54'),
(213, 1, '127.0.0.1', '2018-03-12 07:27:38'),
(214, 1, '127.0.0.1', '2018-03-12 07:27:38'),
(215, 1, '127.0.0.1', '2018-03-12 07:27:49'),
(216, 1, '127.0.0.1', '2018-03-12 07:27:49'),
(217, 1, '127.0.0.1', '2018-03-12 07:31:34'),
(218, 1, '127.0.0.1', '2018-03-12 07:31:34'),
(219, 1, '127.0.0.1', '2018-03-12 07:33:03'),
(220, 1, '127.0.0.1', '2018-03-12 07:33:03'),
(221, 1, '127.0.0.1', '2018-03-12 07:44:25'),
(222, 1, '127.0.0.1', '2018-03-12 07:44:26'),
(223, 1, '127.0.0.1', '2018-03-12 07:44:27'),
(224, 1, '127.0.0.1', '2018-03-12 07:44:32'),
(225, 1, '127.0.0.1', '2018-03-12 07:45:39'),
(226, 1, '127.0.0.1', '2018-03-12 07:45:39'),
(227, 1, '127.0.0.1', '2018-03-12 07:46:14'),
(228, 1, '127.0.0.1', '2018-03-12 07:46:14'),
(229, 1, '127.0.0.1', '2018-03-12 07:47:18'),
(230, 1, '127.0.0.1', '2018-03-12 07:47:18'),
(231, 1, '127.0.0.1', '2018-03-12 07:48:44'),
(232, 1, '127.0.0.1', '2018-03-12 07:48:44'),
(233, 1, '127.0.0.1', '2018-03-12 07:49:53'),
(234, 1, '127.0.0.1', '2018-03-12 07:49:53'),
(235, 1, '127.0.0.1', '2018-03-12 07:57:04'),
(236, 1, '127.0.0.1', '2018-03-12 07:57:04'),
(237, 1, '127.0.0.1', '2018-03-12 08:03:34'),
(238, 1, '127.0.0.1', '2018-03-12 08:03:34'),
(239, 1, '127.0.0.1', '2018-03-12 08:04:27'),
(240, 1, '127.0.0.1', '2018-03-12 08:04:27'),
(241, 1, '127.0.0.1', '2018-03-12 08:04:41'),
(242, 1, '127.0.0.1', '2018-03-12 08:04:41'),
(243, 1, '127.0.0.1', '2018-03-12 08:05:54'),
(244, 1, '127.0.0.1', '2018-03-12 08:05:54'),
(245, 1, '127.0.0.1', '2018-03-12 08:08:13'),
(246, 1, '127.0.0.1', '2018-03-12 08:08:13'),
(247, 1, '127.0.0.1', '2018-03-12 08:11:28'),
(248, 1, '127.0.0.1', '2018-03-12 08:11:28'),
(249, 1, '127.0.0.1', '2018-03-12 08:15:26'),
(250, 1, '127.0.0.1', '2018-03-12 08:15:26'),
(251, 1, '127.0.0.1', '2018-03-12 08:16:48'),
(252, 1, '127.0.0.1', '2018-03-12 08:16:48'),
(253, 1, '127.0.0.1', '2018-03-12 08:18:11'),
(254, 1, '127.0.0.1', '2018-03-12 08:18:11'),
(255, 1, '127.0.0.1', '2018-03-12 08:18:42'),
(256, 1, '127.0.0.1', '2018-03-12 08:18:42'),
(257, 1, '127.0.0.1', '2018-03-12 08:19:50'),
(258, 1, '127.0.0.1', '2018-03-12 08:19:50'),
(259, 1, '127.0.0.1', '2018-03-12 08:21:00'),
(260, 1, '127.0.0.1', '2018-03-12 08:21:00'),
(261, 1, '127.0.0.1', '2018-03-12 08:23:21'),
(262, 1, '127.0.0.1', '2018-03-12 08:23:21'),
(263, 1, '127.0.0.1', '2018-03-12 08:24:38'),
(264, 1, '127.0.0.1', '2018-03-12 08:24:38'),
(265, 1, '127.0.0.1', '2018-03-12 08:27:11'),
(266, 1, '127.0.0.1', '2018-03-12 08:27:11'),
(267, 1, '127.0.0.1', '2018-03-12 08:27:38'),
(268, 1, '127.0.0.1', '2018-03-12 08:29:26'),
(269, 1, '127.0.0.1', '2018-03-12 08:29:26'),
(270, 1, '127.0.0.1', '2018-03-12 08:29:29'),
(271, 1, '127.0.0.1', '2018-03-12 08:30:02'),
(272, 1, '127.0.0.1', '2018-03-12 08:30:02'),
(273, 1, '127.0.0.1', '2018-03-12 08:30:04'),
(274, 1, '127.0.0.1', '2018-03-12 08:30:44'),
(275, 1, '127.0.0.1', '2018-03-12 08:30:44'),
(276, 1, '127.0.0.1', '2018-03-12 08:30:46'),
(277, 1, '127.0.0.1', '2018-03-12 08:31:58'),
(278, 1, '127.0.0.1', '2018-03-12 08:31:58'),
(279, 1, '127.0.0.1', '2018-03-12 08:32:01'),
(280, 1, '127.0.0.1', '2018-03-12 09:18:43'),
(281, 1, '127.0.0.1', '2018-03-12 09:18:43'),
(282, 1, '127.0.0.1', '2018-03-12 09:18:52'),
(283, 1, '127.0.0.1', '2018-03-12 09:22:48'),
(284, 1, '127.0.0.1', '2018-03-12 09:22:48'),
(285, 1, '127.0.0.1', '2018-03-12 09:22:50'),
(286, 1, '127.0.0.1', '2018-03-12 09:26:06'),
(287, 1, '127.0.0.1', '2018-03-12 09:26:37'),
(288, 1, '127.0.0.1', '2018-03-12 09:32:48'),
(289, 1, '127.0.0.1', '2018-03-12 09:32:48'),
(290, 1, '127.0.0.1', '2018-03-12 09:34:27'),
(291, 1, '127.0.0.1', '2018-03-12 09:34:29'),
(292, 1, '127.0.0.1', '2018-03-12 09:34:32'),
(293, 1, '127.0.0.1', '2018-03-12 09:34:43'),
(294, 1, '127.0.0.1', '2018-03-12 09:37:24'),
(295, 1, '127.0.0.1', '2018-03-12 09:40:18'),
(296, 1, '127.0.0.1', '2018-03-12 09:40:18'),
(297, 1, '127.0.0.1', '2018-03-12 09:40:20'),
(298, 1, '127.0.0.1', '2018-03-12 09:42:12'),
(299, 1, '127.0.0.1', '2018-03-12 09:42:12'),
(300, 1, '127.0.0.1', '2018-03-12 09:42:14'),
(301, 1, '127.0.0.1', '2018-03-12 09:42:34'),
(302, 1, '127.0.0.1', '2018-03-12 09:42:34'),
(303, 1, '127.0.0.1', '2018-03-12 09:42:35'),
(304, 1, '127.0.0.1', '2018-03-12 09:43:01'),
(305, 1, '127.0.0.1', '2018-03-12 09:43:03'),
(306, 1, '127.0.0.1', '2018-03-12 09:44:06'),
(307, 1, '127.0.0.1', '2018-03-12 09:44:43'),
(308, 1, '127.0.0.1', '2018-03-12 09:44:43'),
(309, 1, '127.0.0.1', '2018-03-12 09:44:45'),
(310, 1, '127.0.0.1', '2018-03-12 09:45:48'),
(311, 1, '127.0.0.1', '2018-03-12 09:45:48'),
(312, 1, '127.0.0.1', '2018-03-12 09:45:49'),
(313, 1, '127.0.0.1', '2018-03-12 09:47:10'),
(314, 1, '127.0.0.1', '2018-03-12 09:47:10'),
(315, 1, '127.0.0.1', '2018-03-12 09:47:12'),
(316, 1, '127.0.0.1', '2018-03-12 09:48:40'),
(317, 1, '127.0.0.1', '2018-03-12 09:48:40'),
(318, 1, '127.0.0.1', '2018-03-12 09:48:43'),
(319, 1, '127.0.0.1', '2018-03-12 09:48:56'),
(320, 1, '127.0.0.1', '2018-03-12 09:50:59'),
(321, 1, '127.0.0.1', '2018-03-12 09:50:59'),
(322, 1, '127.0.0.1', '2018-03-12 09:56:41'),
(323, 1, '127.0.0.1', '2018-03-12 09:56:41'),
(324, 1, '127.0.0.1', '2018-03-12 09:59:02'),
(325, 1, '127.0.0.1', '2018-03-12 09:59:02'),
(326, 1, '127.0.0.1', '2018-03-12 09:59:47'),
(327, 1, '127.0.0.1', '2018-03-12 09:59:47'),
(328, 1, '127.0.0.1', '2018-03-12 10:01:41'),
(329, 1, '127.0.0.1', '2018-03-12 10:01:41'),
(330, 1, '127.0.0.1', '2018-03-12 10:02:42'),
(331, 1, '127.0.0.1', '2018-03-12 10:02:42'),
(332, 1, '127.0.0.1', '2018-03-12 10:03:09'),
(333, 1, '127.0.0.1', '2018-03-12 10:04:33'),
(334, 1, '127.0.0.1', '2018-03-12 10:04:33'),
(335, 1, '127.0.0.1', '2018-03-12 10:04:36'),
(336, 1, '127.0.0.1', '2018-03-12 10:05:05'),
(337, 1, '127.0.0.1', '2018-03-12 10:05:05'),
(338, 1, '127.0.0.1', '2018-03-12 10:05:07'),
(339, 1, '127.0.0.1', '2018-03-12 10:10:05'),
(340, 1, '127.0.0.1', '2018-03-12 10:10:05'),
(341, 1, '127.0.0.1', '2018-03-12 10:10:07'),
(342, 1, '127.0.0.1', '2018-03-12 10:10:07'),
(343, 1, '127.0.0.1', '2018-03-12 10:10:10'),
(344, 1, '127.0.0.1', '2018-03-12 10:10:30'),
(345, 1, '127.0.0.1', '2018-03-12 10:10:30'),
(346, 1, '127.0.0.1', '2018-03-12 10:10:33'),
(347, 1, '127.0.0.1', '2018-03-12 10:10:42'),
(348, 1, '127.0.0.1', '2018-03-12 10:10:42'),
(349, 1, '127.0.0.1', '2018-03-12 10:10:43'),
(350, 1, '127.0.0.1', '2018-03-12 10:11:11'),
(351, 1, '127.0.0.1', '2018-03-12 10:11:11'),
(352, 1, '127.0.0.1', '2018-03-12 10:11:13'),
(353, 1, '127.0.0.1', '2018-03-12 10:13:46'),
(354, 1, '127.0.0.1', '2018-03-12 10:13:46'),
(355, 1, '127.0.0.1', '2018-03-12 10:13:48'),
(356, 1, '127.0.0.1', '2018-03-12 10:14:48'),
(357, 1, '127.0.0.1', '2018-03-12 10:14:48'),
(358, 1, '127.0.0.1', '2018-03-12 10:14:48'),
(359, 1, '127.0.0.1', '2018-03-12 10:31:18'),
(360, 1, '127.0.0.1', '2018-03-12 10:31:18'),
(361, 1, '127.0.0.1', '2018-03-12 10:31:18'),
(362, 1, '127.0.0.1', '2018-03-12 10:32:05'),
(363, 1, '127.0.0.1', '2018-03-12 10:32:05'),
(364, 1, '127.0.0.1', '2018-03-12 10:32:05'),
(365, 1, '127.0.0.1', '2018-03-12 11:01:02'),
(366, 1, '127.0.0.1', '2018-03-12 11:01:02'),
(367, 1, '127.0.0.1', '2018-03-12 11:01:03'),
(368, 1, '127.0.0.1', '2018-03-12 11:01:48'),
(369, 1, '127.0.0.1', '2018-03-12 11:01:48'),
(370, 1, '127.0.0.1', '2018-03-12 11:01:48'),
(371, 1, '127.0.0.1', '2018-03-12 11:02:10'),
(372, 1, '127.0.0.1', '2018-03-12 11:02:10'),
(373, 1, '127.0.0.1', '2018-03-12 11:02:10'),
(374, 1, '127.0.0.1', '2018-03-12 11:06:01'),
(375, 1, '127.0.0.1', '2018-03-12 11:06:01'),
(376, 1, '127.0.0.1', '2018-03-12 11:06:02'),
(377, 1, '127.0.0.1', '2018-03-12 11:06:10'),
(378, 1, '127.0.0.1', '2018-03-12 11:06:10'),
(379, 1, '127.0.0.1', '2018-03-12 11:06:11'),
(380, 1, '127.0.0.1', '2018-03-12 11:09:33'),
(381, 1, '127.0.0.1', '2018-03-12 11:09:33'),
(382, 1, '127.0.0.1', '2018-03-12 11:09:34'),
(383, 1, '127.0.0.1', '2018-03-12 11:11:13'),
(384, 1, '127.0.0.1', '2018-03-12 11:11:13'),
(385, 1, '127.0.0.1', '2018-03-12 11:11:14'),
(386, 1, '127.0.0.1', '2018-03-12 11:12:44'),
(387, 1, '127.0.0.1', '2018-03-12 11:12:44'),
(388, 1, '127.0.0.1', '2018-03-12 11:12:44'),
(389, 1, '127.0.0.1', '2018-03-12 11:13:11'),
(390, 1, '127.0.0.1', '2018-03-12 11:13:11'),
(391, 1, '127.0.0.1', '2018-03-12 11:13:12'),
(392, 1, '127.0.0.1', '2018-03-12 11:13:28'),
(393, 1, '127.0.0.1', '2018-03-12 11:13:28'),
(394, 1, '127.0.0.1', '2018-03-12 11:13:29'),
(395, 1, '127.0.0.1', '2018-03-12 11:14:01'),
(396, 1, '127.0.0.1', '2018-03-12 11:14:01'),
(397, 1, '127.0.0.1', '2018-03-12 11:14:02'),
(398, 1, '127.0.0.1', '2018-03-12 11:14:24'),
(399, 1, '127.0.0.1', '2018-03-12 11:14:24'),
(400, 1, '127.0.0.1', '2018-03-12 11:14:25'),
(401, 1, '127.0.0.1', '2018-03-12 11:14:39'),
(402, 1, '127.0.0.1', '2018-03-12 11:14:39'),
(403, 1, '127.0.0.1', '2018-03-12 11:14:39'),
(404, 1, '127.0.0.1', '2018-03-12 11:14:50'),
(405, 1, '127.0.0.1', '2018-03-12 11:14:50'),
(406, 1, '127.0.0.1', '2018-03-12 11:18:47'),
(407, 1, '127.0.0.1', '2018-03-12 11:18:47'),
(408, 1, '127.0.0.1', '2018-03-12 11:18:51'),
(409, 1, '127.0.0.1', '2018-03-12 11:18:51'),
(410, 1, '127.0.0.1', '2018-03-12 11:19:14'),
(411, 1, '127.0.0.1', '2018-03-12 11:19:14'),
(412, 1, '127.0.0.1', '2018-03-12 11:19:15'),
(413, 1, '127.0.0.1', '2018-03-12 11:19:15'),
(414, 1, '127.0.0.1', '2018-03-12 11:19:36'),
(415, 1, '127.0.0.1', '2018-03-12 11:19:36'),
(416, 1, '127.0.0.1', '2018-03-12 11:19:36'),
(417, 1, '127.0.0.1', '2018-03-12 11:19:36'),
(418, 1, '127.0.0.1', '2018-03-12 11:19:50'),
(419, 1, '127.0.0.1', '2018-03-12 11:19:50'),
(420, 1, '127.0.0.1', '2018-03-12 11:20:03'),
(421, 1, '127.0.0.1', '2018-03-12 11:20:03'),
(422, 1, '127.0.0.1', '2018-03-12 11:20:05'),
(423, 1, '127.0.0.1', '2018-03-12 11:20:09'),
(424, 1, '127.0.0.1', '2018-03-12 11:20:09'),
(425, 1, '127.0.0.1', '2018-03-12 11:20:11'),
(426, 1, '127.0.0.1', '2018-03-12 11:20:11'),
(427, 1, '127.0.0.1', '2018-03-12 11:20:12'),
(428, 1, '127.0.0.1', '2018-03-12 11:20:12'),
(429, 1, '127.0.0.1', '2018-03-12 11:20:13'),
(430, 1, '127.0.0.1', '2018-03-12 11:20:13'),
(431, 1, '127.0.0.1', '2018-03-12 11:20:16'),
(432, 1, '127.0.0.1', '2018-03-12 11:20:17'),
(433, 1, '127.0.0.1', '2018-03-12 11:20:17'),
(434, 1, '127.0.0.1', '2018-03-12 11:20:22'),
(435, 1, '127.0.0.1', '2018-03-12 11:20:22'),
(436, 1, '127.0.0.1', '2018-03-12 11:33:54'),
(437, 1, '127.0.0.1', '2018-03-12 11:33:54'),
(438, 1, '127.0.0.1', '2018-03-12 11:37:35'),
(439, 1, '127.0.0.1', '2018-03-12 11:37:35'),
(440, 1, '127.0.0.1', '2018-03-12 11:38:11'),
(441, 1, '127.0.0.1', '2018-03-12 11:38:11'),
(442, 1, '127.0.0.1', '2018-03-12 11:39:57'),
(443, 1, '127.0.0.1', '2018-03-12 11:39:57'),
(444, 1, '127.0.0.1', '2018-03-12 11:40:15'),
(445, 1, '127.0.0.1', '2018-03-12 11:40:15'),
(446, 1, '127.0.0.1', '2018-03-12 11:42:45'),
(447, 1, '127.0.0.1', '2018-03-12 11:42:45'),
(448, 1, '127.0.0.1', '2018-03-12 11:45:12'),
(449, 1, '127.0.0.1', '2018-03-12 11:45:12'),
(450, 1, '127.0.0.1', '2018-03-12 11:45:20'),
(451, 1, '127.0.0.1', '2018-03-12 11:45:21'),
(452, 1, '127.0.0.1', '2018-03-12 11:45:22'),
(453, 1, '127.0.0.1', '2018-03-12 11:45:22'),
(454, 1, '127.0.0.1', '2018-03-12 11:45:24'),
(455, 1, '127.0.0.1', '2018-03-12 11:45:55'),
(456, 1, '127.0.0.1', '2018-03-12 11:45:55'),
(457, 1, '127.0.0.1', '2018-03-12 11:45:58'),
(458, 1, '127.0.0.1', '2018-03-12 11:45:58'),
(459, 1, '127.0.0.1', '2018-03-12 11:46:09'),
(460, 1, '127.0.0.1', '2018-03-12 11:46:09'),
(461, 1, '127.0.0.1', '2018-03-12 11:46:14'),
(462, 1, '127.0.0.1', '2018-03-12 11:46:37'),
(463, 1, '127.0.0.1', '2018-03-12 11:46:37'),
(464, 1, '127.0.0.1', '2018-03-12 11:46:39'),
(465, 1, '127.0.0.1', '2018-03-12 11:52:10'),
(466, 1, '127.0.0.1', '2018-03-12 11:52:10'),
(467, 1, '127.0.0.1', '2018-03-12 11:52:12'),
(468, 1, '127.0.0.1', '2018-03-12 11:53:13'),
(469, 1, '127.0.0.1', '2018-03-12 11:53:13'),
(470, 1, '127.0.0.1', '2018-03-12 11:54:12'),
(471, 1, '127.0.0.1', '2018-03-12 11:54:12'),
(472, 1, '127.0.0.1', '2018-03-12 11:54:27'),
(473, 1, '127.0.0.1', '2018-03-12 11:54:27'),
(474, 1, '127.0.0.1', '2018-03-12 11:54:32'),
(475, 1, '127.0.0.1', '2018-03-12 11:54:33'),
(476, 1, '127.0.0.1', '2018-03-12 11:54:34'),
(477, 1, '127.0.0.1', '2018-03-12 11:54:35'),
(478, 1, '127.0.0.1', '2018-03-12 11:54:37'),
(479, 1, '127.0.0.1', '2018-03-12 11:54:38'),
(480, 1, '127.0.0.1', '2018-03-12 11:54:39'),
(481, 1, '127.0.0.1', '2018-03-12 11:54:40'),
(482, 1, '127.0.0.1', '2018-03-12 11:54:41'),
(483, 1, '127.0.0.1', '2018-03-12 12:04:39'),
(484, 1, '127.0.0.1', '2018-03-12 12:04:41'),
(485, 1, '127.0.0.1', '2018-03-12 12:04:42'),
(486, 1, '127.0.0.1', '2018-03-12 12:04:43'),
(487, 1, '127.0.0.1', '2018-03-12 12:04:44'),
(488, 1, '127.0.0.1', '2018-03-12 12:04:45'),
(489, 1, '127.0.0.1', '2018-03-12 12:04:46'),
(490, 1, '127.0.0.1', '2018-03-12 12:04:46'),
(491, 1, '127.0.0.1', '2018-03-12 12:04:48'),
(492, 1, '127.0.0.1', '2018-03-12 12:06:45'),
(493, 1, '127.0.0.1', '2018-03-12 12:06:45'),
(494, 1, '127.0.0.1', '2018-03-12 12:06:47'),
(495, 1, '127.0.0.1', '2018-03-12 12:06:47'),
(496, 1, '127.0.0.1', '2018-03-12 12:06:48'),
(497, 1, '127.0.0.1', '2018-03-12 12:06:48'),
(498, 1, '127.0.0.1', '2018-03-12 12:06:49'),
(499, 1, '127.0.0.1', '2018-03-12 12:06:51'),
(500, 1, '127.0.0.1', '2018-03-12 12:38:19'),
(501, 1, '127.0.0.1', '2018-03-12 12:38:26'),
(502, 1, '127.0.0.1', '2018-03-12 12:38:29'),
(503, 1, '127.0.0.1', '2018-03-12 12:38:30'),
(504, 1, '127.0.0.1', '2018-03-12 12:38:31'),
(505, 1, '127.0.0.1', '2018-03-12 12:38:31'),
(506, 1, '127.0.0.1', '2018-03-12 12:38:49'),
(507, 1, '127.0.0.1', '2018-03-12 12:38:52'),
(508, 1, '127.0.0.1', '2018-03-12 13:32:32'),
(509, 1, '127.0.0.1', '2018-03-12 13:32:32'),
(510, 1, '127.0.0.1', '2018-03-12 13:32:40'),
(511, 1, '127.0.0.1', '2018-03-12 13:32:42'),
(512, 1, '127.0.0.1', '2018-03-12 13:34:51'),
(513, 1, '127.0.0.1', '2018-03-12 13:48:04'),
(514, 1, '127.0.0.1', '2018-03-12 13:57:23'),
(515, 1, '127.0.0.1', '2018-03-12 13:58:26'),
(516, 1, '127.0.0.1', '2018-03-12 13:58:29'),
(517, 1, '127.0.0.1', '2018-03-12 14:02:01'),
(518, 1, '127.0.0.1', '2018-03-12 14:02:01'),
(519, 1, '127.0.0.1', '2018-03-12 14:02:03'),
(520, 1, '127.0.0.1', '2018-03-12 14:02:22'),
(521, 1, '127.0.0.1', '2018-03-12 14:02:26'),
(522, 1, '127.0.0.1', '2018-03-12 14:02:41'),
(523, 1, '127.0.0.1', '2018-03-12 14:03:38'),
(524, 1, '127.0.0.1', '2018-03-12 14:03:39'),
(525, 1, '127.0.0.1', '2018-03-12 16:42:48'),
(526, 1, '127.0.0.1', '2018-03-12 16:42:48'),
(527, NULL, '127.0.0.1', '2018-03-12 18:35:18'),
(528, 1, '127.0.0.1', '2018-03-12 18:35:23'),
(529, 1, '127.0.0.1', '2018-03-12 18:35:23'),
(530, 1, '127.0.0.1', '2018-03-12 18:37:02'),
(531, 1, '127.0.0.1', '2018-03-12 18:37:02'),
(532, 1, '127.0.0.1', '2018-03-12 18:44:26'),
(533, 1, '127.0.0.1', '2018-03-12 18:45:38'),
(534, 1, '127.0.0.1', '2018-03-12 18:45:38'),
(535, 1, '127.0.0.1', '2018-03-12 18:59:32'),
(536, 1, '127.0.0.1', '2018-03-12 18:59:33'),
(537, 1, '127.0.0.1', '2018-03-12 18:59:34'),
(538, 1, '127.0.0.1', '2018-03-13 07:48:50'),
(539, 1, '127.0.0.1', '2018-03-13 07:48:50'),
(540, 1, '127.0.0.1', '2018-03-13 08:39:45'),
(541, 1, '127.0.0.1', '2018-03-13 08:39:45'),
(542, 1, '127.0.0.1', '2018-03-13 09:13:05'),
(543, 1, '127.0.0.1', '2018-03-13 09:13:05'),
(544, 1, '127.0.0.1', '2018-03-13 09:14:21'),
(545, 1, '127.0.0.1', '2018-03-13 09:14:21'),
(546, 1, '127.0.0.1', '2018-03-13 09:18:50'),
(547, 1, '127.0.0.1', '2018-03-13 09:18:50'),
(548, 1, '127.0.0.1', '2018-03-13 09:20:02'),
(549, 1, '127.0.0.1', '2018-03-13 09:20:02'),
(550, 1, '127.0.0.1', '2018-03-13 09:22:45'),
(551, 1, '127.0.0.1', '2018-03-13 09:22:45'),
(552, 1, '127.0.0.1', '2018-03-13 09:35:48'),
(553, 1, '127.0.0.1', '2018-03-13 09:35:48'),
(554, 1, '127.0.0.1', '2018-03-13 09:35:53'),
(555, 1, '127.0.0.1', '2018-03-13 09:37:33'),
(556, 1, '127.0.0.1', '2018-03-13 09:45:15'),
(557, 1, '127.0.0.1', '2018-03-13 09:45:15'),
(558, 1, '127.0.0.1', '2018-03-13 09:45:21'),
(559, 1, '127.0.0.1', '2018-03-13 09:45:51'),
(560, 1, '127.0.0.1', '2018-03-13 09:45:51'),
(561, 1, '127.0.0.1', '2018-03-13 09:45:54'),
(562, 1, '127.0.0.1', '2018-03-13 09:46:53'),
(563, 1, '127.0.0.1', '2018-03-13 09:48:14'),
(564, 1, '127.0.0.1', '2018-03-13 09:49:21'),
(565, 1, '127.0.0.1', '2018-03-13 10:05:30'),
(566, 1, '127.0.0.1', '2018-03-13 10:05:55'),
(567, 1, '127.0.0.1', '2018-03-13 10:05:55'),
(568, 1, '127.0.0.1', '2018-03-13 10:14:41'),
(569, 1, '127.0.0.1', '2018-03-13 10:14:41'),
(570, 1, '127.0.0.1', '2018-03-13 10:14:47'),
(571, 1, '127.0.0.1', '2018-03-13 10:14:51'),
(572, 1, '127.0.0.1', '2018-03-13 10:15:06'),
(573, 1, '127.0.0.1', '2018-03-13 10:15:06'),
(574, 1, '127.0.0.1', '2018-03-13 10:15:37'),
(575, 1, '127.0.0.1', '2018-03-13 10:15:38'),
(576, 1, '127.0.0.1', '2018-03-13 10:16:39'),
(577, 1, '127.0.0.1', '2018-03-13 10:16:40'),
(578, 1, '127.0.0.1', '2018-03-13 10:17:16'),
(579, 1, '127.0.0.1', '2018-03-13 10:17:17'),
(580, 1, '127.0.0.1', '2018-03-13 10:20:53'),
(581, 1, '127.0.0.1', '2018-03-13 10:20:53'),
(582, 1, '127.0.0.1', '2018-03-13 10:21:47'),
(583, 1, '127.0.0.1', '2018-03-13 10:21:47'),
(584, 1, '127.0.0.1', '2018-03-13 10:21:50'),
(585, 1, '127.0.0.1', '2018-03-13 10:21:51'),
(586, 1, '127.0.0.1', '2018-03-13 10:21:53'),
(587, 1, '127.0.0.1', '2018-03-13 10:21:54'),
(588, 1, '127.0.0.1', '2018-03-13 10:21:55'),
(589, 1, '127.0.0.1', '2018-03-13 10:33:50'),
(590, 1, '127.0.0.1', '2018-03-13 10:33:50'),
(591, 1, '127.0.0.1', '2018-03-13 10:36:37'),
(592, 1, '127.0.0.1', '2018-03-13 10:36:37'),
(593, 1, '127.0.0.1', '2018-03-13 10:39:14'),
(594, 1, '127.0.0.1', '2018-03-13 10:39:16'),
(595, 1, '127.0.0.1', '2018-03-13 10:39:17'),
(596, 1, '127.0.0.1', '2018-03-13 10:39:17'),
(597, 1, '127.0.0.1', '2018-03-13 10:41:15'),
(598, 1, '127.0.0.1', '2018-03-13 10:42:07'),
(599, 1, '127.0.0.1', '2018-03-13 10:42:07'),
(600, 1, '127.0.0.1', '2018-03-13 10:43:08'),
(601, 1, '127.0.0.1', '2018-03-13 10:43:08'),
(602, 1, '127.0.0.1', '2018-03-13 10:43:08'),
(603, 1, '127.0.0.1', '2018-03-13 10:43:09'),
(604, 1, '127.0.0.1', '2018-03-13 10:43:09'),
(605, 1, '127.0.0.1', '2018-03-13 10:43:13'),
(606, 1, '127.0.0.1', '2018-03-13 10:43:13'),
(607, 1, '127.0.0.1', '2018-03-13 10:45:02'),
(608, 1, '127.0.0.1', '2018-03-13 10:45:02'),
(609, 1, '127.0.0.1', '2018-03-13 10:45:07'),
(610, 1, '127.0.0.1', '2018-03-13 10:45:11'),
(611, 1, '127.0.0.1', '2018-03-13 10:45:14'),
(612, 1, '127.0.0.1', '2018-03-13 10:47:11'),
(613, 1, '127.0.0.1', '2018-03-13 10:48:38'),
(614, 1, '127.0.0.1', '2018-03-13 10:48:38'),
(615, 1, '127.0.0.1', '2018-03-13 11:15:26'),
(616, 1, '127.0.0.1', '2018-03-13 11:15:26'),
(617, 1, '127.0.0.1', '2018-03-13 11:15:43'),
(618, 1, '127.0.0.1', '2018-03-13 11:15:43'),
(619, 1, '127.0.0.1', '2018-03-13 11:19:35'),
(620, 1, '127.0.0.1', '2018-03-13 11:19:35'),
(621, NULL, '127.0.0.1', '2018-03-13 11:54:59'),
(622, 13, '127.0.0.1', '2018-03-13 11:55:03'),
(623, 13, '127.0.0.1', '2018-03-13 11:55:03'),
(624, 13, '127.0.0.1', '2018-03-13 11:56:12'),
(625, 13, '127.0.0.1', '2018-03-13 11:56:12'),
(626, 13, '127.0.0.1', '2018-03-13 11:57:33'),
(627, 13, '127.0.0.1', '2018-03-13 11:57:51'),
(628, 13, '127.0.0.1', '2018-03-13 11:57:51'),
(629, 13, '127.0.0.1', '2018-03-13 11:57:59'),
(630, 13, '127.0.0.1', '2018-03-13 11:58:00'),
(631, 13, '127.0.0.1', '2018-03-13 11:58:02'),
(632, 13, '127.0.0.1', '2018-03-13 11:58:03'),
(633, 13, '127.0.0.1', '2018-03-13 11:58:05'),
(634, 13, '127.0.0.1', '2018-03-13 12:00:25'),
(635, 13, '127.0.0.1', '2018-03-13 12:00:25'),
(636, NULL, '127.0.0.1', '2018-03-13 12:00:31'),
(637, 1, '127.0.0.1', '2018-03-13 12:00:34'),
(638, 1, '127.0.0.1', '2018-03-13 12:00:34'),
(639, 1, '127.0.0.1', '2018-03-13 12:00:57'),
(640, 1, '127.0.0.1', '2018-03-13 12:00:57'),
(641, 1, '127.0.0.1', '2018-03-13 17:33:09'),
(642, 1, '127.0.0.1', '2018-03-13 17:33:09'),
(643, 1, '127.0.0.1', '2018-03-13 17:36:40'),
(644, 1, '127.0.0.1', '2018-03-13 17:36:40'),
(645, 1, '127.0.0.1', '2018-03-13 18:36:01'),
(646, 1, '127.0.0.1', '2018-03-13 18:36:01'),
(647, 1, '127.0.0.1', '2018-03-13 18:38:26'),
(648, 1, '127.0.0.1', '2018-03-13 18:38:27'),
(649, 1, '127.0.0.1', '2018-03-13 18:56:41'),
(650, 1, '127.0.0.1', '2018-03-13 18:56:41'),
(651, 1, '127.0.0.1', '2018-03-13 19:07:36'),
(652, 1, '127.0.0.1', '2018-03-13 19:07:36'),
(653, 1, '127.0.0.1', '2018-03-13 19:37:51'),
(654, 1, '127.0.0.1', '2018-03-13 19:37:51'),
(655, 1, '127.0.0.1', '2018-03-13 19:52:43'),
(656, 1, '127.0.0.1', '2018-03-13 19:55:18'),
(657, 1, '127.0.0.1', '2018-03-13 19:55:18'),
(658, 1, '127.0.0.1', '2018-03-13 19:55:22'),
(659, 1, '127.0.0.1', '2018-03-14 08:30:47'),
(660, 1, '127.0.0.1', '2018-03-14 08:30:47'),
(661, 1, '127.0.0.1', '2018-03-14 08:30:54'),
(662, NULL, '127.0.0.1', '2018-03-14 08:47:22'),
(663, 13, '127.0.0.1', '2018-03-14 08:47:26'),
(664, 13, '127.0.0.1', '2018-03-14 08:47:26'),
(665, 13, '127.0.0.1', '2018-03-14 08:47:29'),
(666, 13, '127.0.0.1', '2018-03-14 08:47:35'),
(667, 13, '127.0.0.1', '2018-03-14 08:47:39'),
(668, 13, '127.0.0.1', '2018-03-14 08:47:43'),
(669, 13, '127.0.0.1', '2018-03-14 08:47:47'),
(670, NULL, '127.0.0.1', '2018-03-14 08:47:56'),
(671, 1, '127.0.0.1', '2018-03-14 08:48:01'),
(672, 1, '127.0.0.1', '2018-03-14 08:48:01'),
(673, 1, '127.0.0.1', '2018-03-14 09:12:38'),
(674, 1, '127.0.0.1', '2018-03-14 09:12:39'),
(675, 1, '127.0.0.1', '2018-03-14 09:12:39'),
(676, 1, '127.0.0.1', '2018-03-14 09:14:18'),
(677, 1, '127.0.0.1', '2018-03-14 09:14:18'),
(678, 1, '127.0.0.1', '2018-03-14 09:14:20'),
(679, 1, '127.0.0.1', '2018-03-14 09:14:21'),
(680, 1, '127.0.0.1', '2018-03-14 09:14:22'),
(681, 1, '127.0.0.1', '2018-03-14 09:14:23'),
(682, 1, '127.0.0.1', '2018-03-14 09:14:24'),
(683, 1, '127.0.0.1', '2018-03-14 09:14:25'),
(684, 1, '127.0.0.1', '2018-03-14 09:14:28'),
(685, 1, '127.0.0.1', '2018-03-14 09:14:28'),
(686, 1, '127.0.0.1', '2018-03-14 09:14:28'),
(687, 1, '127.0.0.1', '2018-03-14 09:15:27'),
(688, 1, '127.0.0.1', '2018-03-14 09:15:33'),
(689, 1, '127.0.0.1', '2018-03-14 09:15:33'),
(690, 1, '127.0.0.1', '2018-03-14 09:15:35'),
(691, 1, '127.0.0.1', '2018-03-14 09:16:16'),
(692, 1, '127.0.0.1', '2018-03-14 09:24:25'),
(693, 1, '127.0.0.1', '2018-03-14 09:24:25'),
(694, 1, '127.0.0.1', '2018-03-14 09:24:54'),
(695, 1, '127.0.0.1', '2018-03-14 09:24:54'),
(696, 1, '127.0.0.1', '2018-03-14 09:25:09'),
(697, 1, '127.0.0.1', '2018-03-14 09:25:09'),
(698, 1, '127.0.0.1', '2018-03-14 09:25:42'),
(699, 1, '127.0.0.1', '2018-03-14 09:25:42'),
(700, 1, '127.0.0.1', '2018-03-14 09:33:03'),
(701, 1, '127.0.0.1', '2018-03-14 09:33:03'),
(702, 1, '127.0.0.1', '2018-03-14 09:33:20'),
(703, 1, '127.0.0.1', '2018-03-14 09:33:20'),
(704, 1, '127.0.0.1', '2018-03-14 09:34:29'),
(705, 1, '127.0.0.1', '2018-03-14 09:34:30'),
(706, 1, '127.0.0.1', '2018-03-14 09:35:54'),
(707, 1, '127.0.0.1', '2018-03-14 09:35:56'),
(708, 1, '127.0.0.1', '2018-03-14 09:35:58'),
(709, NULL, '127.0.0.1', '2018-03-14 10:33:12'),
(710, NULL, '127.0.0.1', '2018-03-14 11:07:35'),
(711, NULL, '127.0.0.1', '2018-03-14 11:09:00'),
(712, NULL, '127.0.0.1', '2018-03-14 11:10:39'),
(713, NULL, '127.0.0.1', '2018-03-14 11:13:32'),
(714, NULL, '127.0.0.1', '2018-03-14 11:34:35'),
(715, NULL, '127.0.0.1', '2018-03-14 11:34:35'),
(716, NULL, '127.0.0.1', '2018-03-14 11:34:37'),
(717, NULL, '127.0.0.1', '2018-03-14 11:34:42'),
(718, NULL, '127.0.0.1', '2018-03-14 11:34:42'),
(719, NULL, '127.0.0.1', '2018-03-14 11:34:43'),
(720, NULL, '127.0.0.1', '2018-03-14 11:34:47'),
(721, NULL, '127.0.0.1', '2018-03-14 11:34:48'),
(722, NULL, '127.0.0.1', '2018-03-14 11:34:49'),
(723, NULL, '127.0.0.1', '2018-03-14 11:34:58'),
(724, NULL, '127.0.0.1', '2018-03-14 11:36:33'),
(725, NULL, '127.0.0.1', '2018-03-14 11:48:38'),
(726, NULL, '127.0.0.1', '2018-03-14 11:48:40'),
(727, NULL, '127.0.0.1', '2018-03-14 11:50:04'),
(728, NULL, '127.0.0.1', '2018-03-14 12:14:30'),
(729, NULL, '127.0.0.1', '2018-03-14 12:14:32'),
(730, NULL, '127.0.0.1', '2018-03-14 12:14:33'),
(731, NULL, '127.0.0.1', '2018-03-14 12:14:35'),
(732, NULL, '127.0.0.1', '2018-03-14 12:14:39'),
(733, NULL, '127.0.0.1', '2018-03-14 12:18:33'),
(734, NULL, '127.0.0.1', '2018-03-14 12:18:34'),
(735, NULL, '127.0.0.1', '2018-03-14 12:18:38'),
(736, NULL, '127.0.0.1', '2018-03-14 12:18:39'),
(737, NULL, '127.0.0.1', '2018-03-14 12:18:40'),
(738, NULL, '127.0.0.1', '2018-03-14 12:18:41'),
(739, NULL, '127.0.0.1', '2018-03-14 12:21:47'),
(740, NULL, '127.0.0.1', '2018-03-14 12:21:49'),
(741, NULL, '127.0.0.1', '2018-03-14 12:21:50'),
(742, NULL, '127.0.0.1', '2018-03-14 12:21:52'),
(743, NULL, '127.0.0.1', '2018-03-14 12:37:05'),
(744, 1, '127.0.0.1', '2018-03-14 12:37:22'),
(745, 1, '127.0.0.1', '2018-03-14 12:37:22'),
(746, 1, '127.0.0.1', '2018-03-14 12:37:26'),
(747, 1, '127.0.0.1', '2018-03-14 12:37:26'),
(748, 1, '127.0.0.1', '2018-03-14 12:37:26'),
(749, 1, '127.0.0.1', '2018-03-14 12:37:26'),
(750, 1, '127.0.0.1', '2018-03-14 12:37:26'),
(751, 1, '127.0.0.1', '2018-03-14 12:44:35'),
(752, 1, '127.0.0.1', '2018-03-14 12:44:35'),
(753, 1, '127.0.0.1', '2018-03-14 12:44:35'),
(754, 1, '127.0.0.1', '2018-03-14 12:44:35'),
(755, 1, '127.0.0.1', '2018-03-14 12:44:35'),
(756, 1, '127.0.0.1', '2018-03-14 12:45:23'),
(757, 1, '127.0.0.1', '2018-03-14 12:45:23'),
(758, 1, '127.0.0.1', '2018-03-14 12:45:23'),
(759, 1, '127.0.0.1', '2018-03-14 12:45:24'),
(760, 1, '127.0.0.1', '2018-03-14 12:45:24'),
(761, 1, '127.0.0.1', '2018-03-14 12:45:51'),
(762, 1, '127.0.0.1', '2018-03-14 12:45:51'),
(763, 1, '127.0.0.1', '2018-03-14 12:45:53'),
(764, 1, '127.0.0.1', '2018-03-14 12:45:53'),
(765, 1, '127.0.0.1', '2018-03-14 12:45:54'),
(766, 1, '127.0.0.1', '2018-03-14 12:45:54'),
(767, 1, '127.0.0.1', '2018-03-14 12:45:56'),
(768, 1, '127.0.0.1', '2018-03-14 12:45:56'),
(769, 1, '127.0.0.1', '2018-03-14 12:45:58'),
(770, 1, '127.0.0.1', '2018-03-14 12:45:58'),
(771, 1, '127.0.0.1', '2018-03-14 12:47:12'),
(772, 1, '127.0.0.1', '2018-03-14 12:47:12'),
(773, 1, '127.0.0.1', '2018-03-14 12:47:13'),
(774, 1, '127.0.0.1', '2018-03-14 12:47:13'),
(775, 1, '127.0.0.1', '2018-03-14 12:47:16'),
(776, 1, '127.0.0.1', '2018-03-14 12:47:16'),
(777, 1, '127.0.0.1', '2018-03-14 12:47:54'),
(778, 1, '127.0.0.1', '2018-03-14 12:47:54'),
(779, 1, '127.0.0.1', '2018-03-14 12:48:37'),
(780, 1, '127.0.0.1', '2018-03-14 12:48:37'),
(781, 1, '127.0.0.1', '2018-03-14 12:50:08'),
(782, 1, '127.0.0.1', '2018-03-14 12:50:08'),
(783, 1, '127.0.0.1', '2018-03-14 12:50:40'),
(784, 1, '127.0.0.1', '2018-03-14 12:50:41'),
(785, 1, '127.0.0.1', '2018-03-14 12:58:22'),
(786, 1, '127.0.0.1', '2018-03-14 12:58:22'),
(787, 1, '127.0.0.1', '2018-03-14 12:58:24'),
(788, 1, '127.0.0.1', '2018-03-14 12:58:25'),
(789, 1, '127.0.0.1', '2018-03-14 13:02:46'),
(790, 1, '127.0.0.1', '2018-03-14 13:02:46'),
(791, 1, '127.0.0.1', '2018-03-14 13:03:11'),
(792, 1, '127.0.0.1', '2018-03-14 13:03:11'),
(793, 1, '127.0.0.1', '2018-03-14 13:03:16'),
(794, 1, '127.0.0.1', '2018-03-14 13:03:16'),
(795, 1, '127.0.0.1', '2018-03-14 13:04:01'),
(796, 1, '127.0.0.1', '2018-03-14 13:05:00'),
(797, 1, '127.0.0.1', '2018-03-14 13:05:00'),
(798, 1, '127.0.0.1', '2018-03-14 13:05:02'),
(799, 1, '127.0.0.1', '2018-03-14 13:06:36'),
(800, 1, '127.0.0.1', '2018-03-14 13:07:43'),
(801, 1, '127.0.0.1', '2018-03-14 13:07:43'),
(802, 1, '127.0.0.1', '2018-03-14 13:11:18'),
(803, 1, '127.0.0.1', '2018-03-14 13:11:18'),
(804, 1, '127.0.0.1', '2018-03-14 13:11:23'),
(805, 1, '127.0.0.1', '2018-03-14 13:12:44'),
(806, 1, '127.0.0.1', '2018-03-14 13:12:44'),
(807, 1, '127.0.0.1', '2018-03-14 13:12:45'),
(808, 1, '127.0.0.1', '2018-03-14 13:12:57'),
(809, 1, '127.0.0.1', '2018-03-14 13:13:21'),
(810, 1, '127.0.0.1', '2018-03-14 13:19:58'),
(811, 1, '127.0.0.1', '2018-03-14 13:19:58'),
(812, 1, '127.0.0.1', '2018-03-14 13:20:02'),
(813, 1, '127.0.0.1', '2018-03-14 13:21:04'),
(814, 1, '127.0.0.1', '2018-03-14 13:21:04'),
(815, 1, '127.0.0.1', '2018-03-14 13:21:10'),
(816, 1, '127.0.0.1', '2018-03-14 13:21:58'),
(817, 1, '127.0.0.1', '2018-03-14 13:21:58'),
(818, 1, '127.0.0.1', '2018-03-14 13:22:00'),
(819, 1, '127.0.0.1', '2018-03-14 13:22:52'),
(820, 1, '127.0.0.1', '2018-03-14 13:22:52'),
(821, 1, '127.0.0.1', '2018-03-14 13:22:56'),
(822, 1, '127.0.0.1', '2018-03-14 13:23:34'),
(823, 1, '127.0.0.1', '2018-03-14 13:23:34'),
(824, 1, '127.0.0.1', '2018-03-14 13:25:06'),
(825, 1, '127.0.0.1', '2018-03-14 13:25:06'),
(826, 1, '127.0.0.1', '2018-03-14 13:25:08'),
(827, 1, '127.0.0.1', '2018-03-14 13:28:58'),
(828, 1, '127.0.0.1', '2018-03-14 13:28:58'),
(829, 1, '127.0.0.1', '2018-03-14 13:28:59'),
(830, 1, '127.0.0.1', '2018-03-14 13:29:05'),
(831, 1, '127.0.0.1', '2018-03-14 13:29:06'),
(832, 1, '127.0.0.1', '2018-03-14 13:29:06'),
(833, 1, '127.0.0.1', '2018-03-14 13:29:07'),
(834, 1, '127.0.0.1', '2018-03-14 13:29:14'),
(835, 1, '127.0.0.1', '2018-03-14 13:29:14'),
(836, 1, '127.0.0.1', '2018-03-14 13:29:15'),
(837, 1, '127.0.0.1', '2018-03-14 13:29:22'),
(838, 1, '127.0.0.1', '2018-03-14 13:29:22'),
(839, 1, '127.0.0.1', '2018-03-14 13:29:25'),
(840, 1, '127.0.0.1', '2018-03-14 13:29:29'),
(841, 1, '127.0.0.1', '2018-03-14 13:29:29'),
(842, 1, '127.0.0.1', '2018-03-14 13:29:33'),
(843, 1, '127.0.0.1', '2018-03-14 13:30:53'),
(844, 1, '127.0.0.1', '2018-03-14 13:30:53'),
(845, 1, '127.0.0.1', '2018-03-14 13:30:55'),
(846, 1, '127.0.0.1', '2018-03-14 13:31:14'),
(847, 1, '127.0.0.1', '2018-03-14 13:31:14'),
(848, 1, '127.0.0.1', '2018-03-14 13:31:15'),
(849, 1, '127.0.0.1', '2018-03-14 13:31:38'),
(850, 1, '127.0.0.1', '2018-03-14 13:31:38'),
(851, 1, '127.0.0.1', '2018-03-14 13:31:40'),
(852, 1, '127.0.0.1', '2018-03-14 13:32:33'),
(853, 1, '127.0.0.1', '2018-03-14 13:32:33'),
(854, 1, '127.0.0.1', '2018-03-14 13:32:53'),
(855, 1, '127.0.0.1', '2018-03-14 13:32:53'),
(856, 1, '127.0.0.1', '2018-03-14 13:32:53'),
(857, 1, '127.0.0.1', '2018-03-14 13:32:53'),
(858, 1, '127.0.0.1', '2018-03-14 13:32:53'),
(859, 1, '127.0.0.1', '2018-03-14 13:32:55'),
(860, 1, '127.0.0.1', '2018-03-14 13:32:55'),
(861, 1, '127.0.0.1', '2018-03-14 14:07:54'),
(862, 1, '127.0.0.1', '2018-03-14 14:07:54'),
(863, 1, '127.0.0.1', '2018-03-14 14:09:13'),
(864, 1, '127.0.0.1', '2018-03-14 14:09:13'),
(865, 1, '127.0.0.1', '2018-03-14 14:09:15'),
(866, 1, '127.0.0.1', '2018-03-14 19:35:10'),
(867, 1, '127.0.0.1', '2018-03-14 19:35:10'),
(868, 1, '127.0.0.1', '2018-03-14 19:57:19'),
(869, 1, '127.0.0.1', '2018-03-14 19:57:19'),
(870, 1, '127.0.0.1', '2018-03-14 19:57:35'),
(871, 1, '127.0.0.1', '2018-03-14 19:57:35'),
(872, 1, '127.0.0.1', '2018-03-14 19:59:57'),
(873, 1, '127.0.0.1', '2018-03-14 19:59:57');

-- --------------------------------------------------------

--
-- Структура таблицы `event`
--

CREATE TABLE IF NOT EXISTS `event` (
  `id` int(11) NOT NULL AUTO_INCREMENT,
  `id_category` int(11) NOT NULL,
  `name` varchar(100) NOT NULL,
  `description` text,
  `date` date NOT NULL,
  `icon` varchar(255) NOT NULL,
  `status` tinyint(1) NOT NULL DEFAULT '1',
  PRIMARY KEY (`id`),
  KEY `id_category` (`id_category`)
) ENGINE=InnoDB AUTO_INCREMENT=11 DEFAULT CHARSET=utf8;

--
-- Очистить таблицу перед добавлением данных `event`
--

TRUNCATE TABLE `event`;
--
-- Дамп данных таблицы `event`
--

INSERT INTO `event` (`id`, `id_category`, `name`, `description`, `date`, `icon`, `status`) VALUES
(9, 1, 'WESG', '', '2018-03-12', '/events/WESG.png', 1),
(10, 1, 'ESL 2018', '', '2018-03-16', '', 1);

--
-- Триггеры `event`
--
DELIMITER $$
CREATE TRIGGER `delete_event` AFTER DELETE ON `event` FOR EACH ROW DELETE FROM event_team WHERE event_id = old.id
$$
DELIMITER ;

-- --------------------------------------------------------

--
-- Структура таблицы `event_team`
--

CREATE TABLE IF NOT EXISTS `event_team` (
  `id` int(11) NOT NULL AUTO_INCREMENT,
  `event_id` int(11) NOT NULL,
  `team_id` int(11) NOT NULL,
  `count` double NOT NULL DEFAULT '0',
  `ratio` decimal(4,2) NOT NULL DEFAULT '99.00',
  PRIMARY KEY (`id`),
  KEY `event_id` (`event_id`),
  KEY `team_id` (`team_id`)
) ENGINE=InnoDB AUTO_INCREMENT=37 DEFAULT CHARSET=utf8;

--
-- Очистить таблицу перед добавлением данных `event_team`
--

TRUNCATE TABLE `event_team`;
--
-- Дамп данных таблицы `event_team`
--

INSERT INTO `event_team` (`id`, `event_id`, `team_id`, `count`, `ratio`) VALUES
(9, 9, 2, 180, '1.21'),
(10, 9, 8, 20, '10.85'),
(11, 9, 10, 0, '99.00'),
(12, 9, 12, 10, '21.69'),
(13, 9, 18, 0, '99.00'),
(14, 9, 27, 0, '99.00'),
(15, 9, 33, 1, '99.00'),
(16, 9, 66, 30, '7.23'),
(17, 9, 67, 0, '99.00'),
(18, 9, 70, 0, '99.00'),
(19, 9, 73, 0, '99.00'),
(20, 10, 1, 0, '99.00'),
(21, 10, 4, 0, '99.00'),
(22, 10, 6, 0, '99.00'),
(23, 10, 7, 0, '99.00'),
(24, 10, 14, 0, '99.00'),
(25, 10, 26, 0, '99.00'),
(26, 10, 27, 0, '99.00'),
(27, 10, 38, 0, '99.00'),
(28, 10, 40, 0, '99.00'),
(29, 10, 50, 0, '99.00'),
(30, 10, 52, 0, '99.00'),
(31, 10, 64, 0, '99.00'),
(32, 10, 65, 0, '99.00'),
(33, 10, 73, 0, '99.00'),
(34, 10, 74, 0, '99.00'),
(35, 10, 75, 0, '99.00'),
(36, 10, 77, 0, '99.00');

-- --------------------------------------------------------

--
-- Структура таблицы `payment`
--

CREATE TABLE IF NOT EXISTS `payment` (
  `id` int(11) NOT NULL AUTO_INCREMENT,
  `user_id` int(11) NOT NULL,
  `currency` enum('RUB','USD','BTC') NOT NULL DEFAULT 'RUB',
  `count` int(11) NOT NULL,
  `time` timestamp NOT NULL DEFAULT CURRENT_TIMESTAMP,
  `status` tinyint(3) DEFAULT '0',
  PRIMARY KEY (`id`),
  KEY `user_id` (`user_id`)
) ENGINE=InnoDB AUTO_INCREMENT=4 DEFAULT CHARSET=utf8;

--
-- Очистить таблицу перед добавлением данных `payment`
--

TRUNCATE TABLE `payment`;
--
-- Дамп данных таблицы `payment`
--

INSERT INTO `payment` (`id`, `user_id`, `currency`, `count`, `time`, `status`) VALUES
(1, 1, 'RUB', 140, '2018-03-05 15:07:17', 1),
(2, 1, 'RUB', 1000, '2018-03-05 15:07:17', 1),
(3, 13, 'RUB', 1000, '2018-03-13 11:56:05', 1);

--
-- Триггеры `payment`
--
DELIMITER $$
CREATE TRIGGER `accrual` AFTER INSERT ON `payment` FOR EACH ROW UPDATE bills b SET b.count=b.count+new.count WHERE new.user_id=b.id_user and new.currency=b.currency
$$
DELIMITER ;

-- --------------------------------------------------------

--
-- Структура таблицы `team`
--

CREATE TABLE IF NOT EXISTS `team` (
  `id` int(11) NOT NULL AUTO_INCREMENT,
  `id_category` int(11) NOT NULL,
  `name` varchar(100) NOT NULL,
  `country` varchar(50) DEFAULT NULL,
  `icon` varchar(255) DEFAULT 'icon\\no avatar.png',
  `description` text,
  PRIMARY KEY (`id`),
  KEY `id_category` (`id_category`)
) ENGINE=InnoDB AUTO_INCREMENT=79 DEFAULT CHARSET=utf8;

--
-- Очистить таблицу перед добавлением данных `team`
--

TRUNCATE TABLE `team`;
--
-- Дамп данных таблицы `team`
--

INSERT INTO `team` (`id`, `id_category`, `name`, `country`, `icon`, `description`) VALUES
(1, 1, '1337', NULL, '/CS GO/1337.png', ''),
(2, 1, 'AGO', NULL, '/CS GO/AGO.png', ''),
(3, 1, 'ALTERNATE aTTaX', NULL, '/CS GO/ALTERNATE aTTaX.png', ''),
(4, 1, 'Asterion', NULL, '/CS GO/Asterion.png', ''),
(5, 1, 'Astralis', NULL, '/CS GO/Astralis.png', ''),
(6, 1, 'Athletico', NULL, '/CS GO/Athletico.png', ''),
(7, 1, 'AVANGAR', NULL, '/CS GO/AVANGAR.png', ''),
(8, 1, 'BIG', NULL, '/CS GO/BIG.png', ''),
(9, 1, 'Bpro', NULL, '/CS GO/Bpro.png', ''),
(10, 1, 'Bravado', NULL, '/CS GO/Bravado.png', ''),
(11, 1, 'Chiefs', NULL, '/CS GO/Chiefs.png', ''),
(12, 1, 'Cloud9', NULL, '/CS GO/Cloud9.png', ''),
(13, 1, 'Clomplexity', NULL, '/CS GO/Complexity.png', ''),
(14, 1, 'Corvidae', NULL, '/CS GO/Corvidae.png', ''),
(15, 1, 'Dignitas', NULL, '/CS GO/Dignitas.png', ''),
(16, 1, 'Ehome', NULL, '/CS GO/Ehome.png', ''),
(17, 1, 'EnVyUs Academy', NULL, '/CS GO/EnVyUs Academy.png', ''),
(18, 1, 'EnVyUs', NULL, '/CS GO/EnVyUs.png', ''),
(19, 1, 'EPG', NULL, '/CS GO/EPG.png', ''),
(20, 1, 'Epsilon', NULL, '/CS GO/Epsilon.png', ''),
(21, 1, 'Espada', NULL, '/CS GO/Espada.png', ''),
(22, 1, 'eXtatus', NULL, '/CS GO/eXtatus.png', ''),
(23, 1, 'Faze', NULL, '/CS GO/Faze.png', ''),
(24, 1, 'FC Lahti Menace', NULL, '/CS GO/FC Lahti Menace.png', ''),
(25, 1, 'Flash', NULL, '/CS GO/Flash.png', ''),
(26, 1, 'Flipside', NULL, '/CS GO/Flipside.png', ''),
(27, 1, 'Fnatic', NULL, '/CS GO/Fnatic.png', ''),
(28, 1, 'Fragsters', NULL, '/CS GO/Fragsters.png', ''),
(29, 1, 'G2', NULL, '/CS GO/G2.png', ''),
(30, 1, 'Gambit', NULL, '/CS GO/Gambit.png', ''),
(31, 1, 'GameAgents', NULL, '/CS GO/GameAgents.png', ''),
(32, 1, 'ghost', NULL, '/CS GO/ghost.png', ''),
(33, 1, 'Godsent', NULL, '/CS GO/Godsent.png', ''),
(34, 1, 'Ground zero', NULL, '/CS GO/Ground zero.png', ''),
(35, 1, 'HellRaisers', NULL, '/CS GO/HellRaisers.png', ''),
(36, 1, 'Heroic', NULL, '/CS GO/Heroic.png', ''),
(37, 1, 'Hey', NULL, '/CS GO/Hey.png', ''),
(38, 1, 'iGame', NULL, '/CS GO/iGame.png', ''),
(39, 1, 'Invictus Aquilas', NULL, '/CS GO/Invictus Aquilas.png', ''),
(40, 1, 'Kinguin', NULL, '/CS GO/Kinguin.png', ''),
(41, 1, 'LDLC', NULL, '/CS GO/LDLC.png', ''),
(42, 1, 'Liquid', NULL, '/CS GO/Liquid.png', ''),
(43, 1, 'Luminosity', NULL, '/CS GO/Luminosity.png', ''),
(44, 1, 'Mineski', NULL, '/CS GO/Mineski.png', ''),
(45, 1, 'Misfits', NULL, '/CS GO/Misfits.png', ''),
(46, 1, 'mousesports', NULL, '/CS GO/mousesports.png', ''),
(47, 1, 'Mythic', NULL, '/CS GO/Mythic.png', ''),
(48, 1, 'Natus Vincere', NULL, '/CS GO/Natus Vincere.png', ''),
(49, 1, 'Nemiga', NULL, '/CS GO/Nemiga.png', ''),
(50, 1, 'Nexus', NULL, '/CS GO/Nexus.png', ''),
(51, 1, 'NiP', NULL, '/CS GO/NiP.png', ''),
(52, 1, 'North', NULL, '/CS GO/North.png', ''),
(53, 1, 'NRG', NULL, '/CS GO/NRG.png', ''),
(54, 1, 'Odense', NULL, '/CS GO/Odense.png', ''),
(55, 1, 'OpTic', NULL, '/CS GO/OpTic.png', ''),
(56, 1, 'Pride', NULL, '/CS GO/Pride.png', ''),
(57, 1, 'pro100', NULL, '/CS GO/pro100.png', ''),
(58, 1, 'Quantum Bellator Fire', NULL, '/CS GO/Quantum Bellator Fire.png', ''),
(59, 1, 'Red Reserve', NULL, '/CS GO/Red Reserve.png', ''),
(60, 1, 'Renegades', NULL, '/CS GO/Renegades.png', ''),
(61, 1, 'Rise nation', NULL, '/CS GO/Rise nation.png', ''),
(62, 1, 'Rogue', NULL, '/CS GO/Rogue.png', ''),
(63, 1, 'Royal Bandits', NULL, '/CS GO/Royal Bandits.png', ''),
(64, 1, 'Seadoggs', NULL, '/CS GO/Seadoggs.png', ''),
(65, 1, 'Singularity', NULL, '/CS GO/Singularity.png', ''),
(66, 1, 'SK', NULL, '/CS GO/SK.png', ''),
(67, 1, 'Space Soldiers', NULL, '/CS GO/Space Soldiers.png', ''),
(68, 1, 'Splyce', NULL, '/CS GO/Splyce.png', ''),
(69, 1, 'SuperJymy', NULL, '/CS GO/SuperJymy.png', ''),
(70, 1, 'TeamOne', NULL, '/CS GO/TeamOne.png', ''),
(71, 1, 'Tricked', NULL, '/CS GO/Tricked.png', ''),
(72, 1, 'Vega Squadron', NULL, '/CS GO/Vega Squadron.png', ''),
(73, 1, 'ViCi', NULL, '/CS GO/ViCi.png', ''),
(74, 1, 'Virtus pro', NULL, '/CS GO/Virtus.pro.png', ''),
(75, 1, 'WASD', NULL, '/CS GO/WASD.png', ''),
(76, 1, 'Wind and rain', NULL, '/CS GO/Wind and rain.png', ''),
(77, 1, 'Windigo', NULL, '/CS GO/Windigo.png', ''),
(78, 1, 'NoName', NULL, '', '');

-- --------------------------------------------------------

--
-- Структура таблицы `totalCash`
--

CREATE TABLE IF NOT EXISTS `totalCash` (
  `id` int(11) NOT NULL,
  `count` double NOT NULL,
  `winner` int(11) NOT NULL,
  PRIMARY KEY (`id`),
  KEY `winner` (`winner`)
) ENGINE=InnoDB DEFAULT CHARSET=utf8;

--
-- Очистить таблицу перед добавлением данных `totalCash`
--

TRUNCATE TABLE `totalCash`;
--
-- Дамп данных таблицы `totalCash`
--

INSERT INTO `totalCash` (`id`, `count`, `winner`) VALUES
(9, 241, 0),
(10, 0, 0);

--
-- Триггеры `totalCash`
--
DELIMITER $$
CREATE TRIGGER `changeStatusEvent` AFTER UPDATE ON `totalCash` FOR EACH ROW IF new.winner <> 0 THEN
	update bills b, (select sum(be.count) as count, be.user_id, be.currency, et.ratio from betting_on_event be, event_team et where be.event_id = new.id and et.event_id = be.event_id and be.winner_id = new.winner and et.team_id = be.winner_id group by be.user_id) be set b.count = b.count + be.count*be.ratio where b.id_user = be.user_id and be.currency = b.currency;
    update event e set e.status = 0 where e.id=new.id;
END IF
$$
DELIMITER ;

-- --------------------------------------------------------

--
-- Структура таблицы `transaction`
--

CREATE TABLE IF NOT EXISTS `transaction` (
  `id` bigint(20) UNSIGNED NOT NULL AUTO_INCREMENT,
  `user_id` int(11) NOT NULL,
  `bet_id` bigint(20) UNSIGNED NOT NULL,
  `team_id` int(11) NOT NULL,
  `currency` enum('RUB','USD','','') NOT NULL DEFAULT 'RUB',
  `count` double NOT NULL,
  `ip` varchar(15) NOT NULL,
  `time` timestamp NOT NULL DEFAULT CURRENT_TIMESTAMP,
  `status` enum('Завершён','Отменён','В ожидании','Live') NOT NULL DEFAULT 'В ожидании',
  `ratio` decimal(4,2) NOT NULL,
  PRIMARY KEY (`id`),
  KEY `user_id` (`user_id`),
  KEY `bet_id` (`bet_id`),
  KEY `team_id` (`team_id`)
) ENGINE=InnoDB DEFAULT CHARSET=utf8;

--
-- Очистить таблицу перед добавлением данных `transaction`
--

TRUNCATE TABLE `transaction`;
-- --------------------------------------------------------

--
-- Структура таблицы `users`
--

CREATE TABLE IF NOT EXISTS `users` (
  `id` int(11) NOT NULL AUTO_INCREMENT,
  `name` varchar(100) NOT NULL,
  `surname` varchar(100) DEFAULT NULL,
  `fathername` varchar(100) DEFAULT NULL,
  `email` varchar(255) NOT NULL,
  `password` varchar(255) NOT NULL,
  `salt` varchar(100) NOT NULL,
  `phone` varchar(11) DEFAULT NULL,
  `status` enum('Неактивирован','Пользователь','Администратор','Модератор') DEFAULT 'Неактивирован',
  `birthday` date DEFAULT NULL,
  `gender` enum('female','male','','') DEFAULT NULL,
  `country` varchar(70) DEFAULT NULL,
  `city` varchar(100) DEFAULT NULL,
  `address` varchar(255) DEFAULT NULL,
  `time_register` timestamp NOT NULL DEFAULT CURRENT_TIMESTAMP,
  PRIMARY KEY (`id`),
  UNIQUE KEY `email` (`email`),
  UNIQUE KEY `phone` (`phone`)
) ENGINE=InnoDB AUTO_INCREMENT=15 DEFAULT CHARSET=utf8;

--
-- Очистить таблицу перед добавлением данных `users`
--

TRUNCATE TABLE `users`;
--
-- Дамп данных таблицы `users`
--

INSERT INTO `users` (`id`, `name`, `surname`, `fathername`, `email`, `password`, `salt`, `phone`, `status`, `birthday`, `gender`, `country`, `city`, `address`, `time_register`) VALUES
(1, 'Александр', NULL, NULL, 'administrator', '2cf8b569cb63b9c43b69f20177de6064', '5a9d37a9470b7', NULL, 'Администратор', NULL, NULL, NULL, NULL, NULL, '2018-02-01 14:15:38'),
(13, 'Рома', NULL, NULL, 'subadmin', '56b4ab44dd68b4aa25d468aa84867ddc', '5a9d4aad0aa64', NULL, 'Неактивирован', NULL, NULL, NULL, NULL, NULL, '2018-03-05 14:15:38'),
(14, 'Саша', NULL, NULL, 'zemsksan1997@yandex.ru', '3d9bab2c23bef4742550938fc1299258', '5a9d55ca5f36e', NULL, 'Неактивирован', NULL, NULL, NULL, NULL, NULL, '2018-03-05 14:35:54');

-- --------------------------------------------------------

--
-- Структура таблицы `visitor`
--

CREATE TABLE IF NOT EXISTS `visitor` (
  `unique_user` int(11) DEFAULT NULL,
  `all_user` int(11) DEFAULT NULL,
  `day` date NOT NULL
) ENGINE=InnoDB DEFAULT CHARSET=utf8;

--
-- Очистить таблицу перед добавлением данных `visitor`
--

TRUNCATE TABLE `visitor`;
-- --------------------------------------------------------

--
-- Структура таблицы `winner`
--

CREATE TABLE IF NOT EXISTS `winner` (
  `id` bigint(20) UNSIGNED NOT NULL,
  `winner` int(11) NOT NULL DEFAULT '0',
  PRIMARY KEY (`id`)
) ENGINE=InnoDB DEFAULT CHARSET=utf8;

--
-- Очистить таблицу перед добавлением данных `winner`
--

TRUNCATE TABLE `winner`;
--
-- Дамп данных таблицы `winner`
--

INSERT INTO `winner` (`id`, `winner`) VALUES
(6, 0),
(7, 0),
(8, 0),
(9, 0);

DELIMITER $$
--
-- События
--
CREATE DEFINER=`root`@`%` EVENT `visitor_in_day` ON SCHEDULE EVERY 1 DAY STARTS '2018-03-05 00:00:00' ON COMPLETION PRESERVE ENABLE DO BEGIN
INSERT INTO visitor (day) VALUES (CURDATE());
UPDATE visitor AS v1
    INNER JOIN(
        SELECT user_id, COUNT(*) AS cnt
        FROM enter
        WHERE time >= DATE_SUB(now(), INTERVAL 1 day)
        GROUP BY user_id
    ) AS v2 USING(user_id)
    INNER JOIN(
        SELECT user_id, COUNT(*) AS cnt
        FROM enter
        WHERE time >= DATE_SUB(now(), INTERVAL 1 day)
    ) AS v3 USING(user_id)
SET v1.unique_user = v2.cnt, v1.all_user = v3.cnt;
END$$

DELIMITER ;
COMMIT;

/*!40101 SET CHARACTER_SET_CLIENT=@OLD_CHARACTER_SET_CLIENT */;
/*!40101 SET CHARACTER_SET_RESULTS=@OLD_CHARACTER_SET_RESULTS */;
/*!40101 SET COLLATION_CONNECTION=@OLD_COLLATION_CONNECTION */;
